experimento,temperatura,estado,energia,prob_teorica,frecuencia,error_abs
original,0.2,000,0.0,0.000799,0.00072,7.9e-05
original,0.2,001,-0.3,0.00358,0.0039,0.00032
original,0.2,010,0.1,0.000485,0.00054,5.5e-05
original,0.2,011,-0.8,0.043619,0.04186,0.001759
original,0.2,100,-0.2,0.002172,0.00198,0.000192
original,0.2,101,-0.1,0.001317,0.00114,0.000177
original,0.2,110,-0.9,0.071916,0.0729,0.000984
original,0.2,111,-1.4,0.876112,0.87696,0.000848
original,1.0,000,0.0,0.069825,0.06972,0.000105
original,1.0,001,-0.3,0.094253,0.0944,0.000147
original,1.0,010,0.1,0.06318,0.06386,0.00068
original,1.0,011,-0.8,0.155397,0.1542,0.001197
original,1.0,100,-0.2,0.085284,0.08458,0.000704
original,1.0,101,-0.1,0.077168,0.07628,0.000888
original,1.0,110,-0.9,0.171741,0.17594,0.004199
original,1.0,111,-1.4,0.283152,0.28102,0.002132
original,5.0,000,0.0,0.113676,0.11328,0.000396
original,5.0,001,-0.3,0.120706,0.12094,0.000234
original,5.0,010,0.1,0.111425,0.11154,0.000115
original,5.0,011,-0.8,0.1334,0.13368,0.00028
original,5.0,100,-0.2,0.118316,0.1183,1.6e-05
original,5.0,101,-0.1,0.115973,0.1158,0.000173
original,5.0,110,-0.9,0.136095,0.13896,0.002865
original,5.0,111,-1.4,0.150409,0.1475,0.002909
w12_negativo,1.0,000,0.0,0.109624,0.10852,0.001104
w12_negativo,1.0,001,-0.3,0.147976,0.14714,0.000836
w12_negativo,1.0,010,0.1,0.099191,0.10198,0.002789
w12_negativo,1.0,011,-0.8,0.243972,0.24236,0.001612
w12_negativo,1.0,100,-0.2,0.133895,0.13618,0.002285
w12_negativo,1.0,101,-0.1,0.121153,0.12106,9.3e-05
w12_negativo,1.0,110,0.7,0.054437,0.05444,3e-06
w12_negativo,1.0,111,0.2,0.089752,0.08832,0.001432
